,Metric,Value
0,precision,0.7654320987654321
1,recall,0.8732394366197183
2,f1_score,0.8157894736842104
3,accuracy,0.8133333333333334
4,specificity,0.759493670886076
5,sensitivity,0.8732394366197183
