,Metric,Value
0,precision,0.92
1,recall,0.971830985915493
2,f1_score,0.9452054794520549
3,accuracy,0.9466666666666667
4,specificity,0.9240506329113924
5,sensitivity,0.971830985915493
