,Metric,Value
0,precision,0.8148148148148148
1,recall,0.9295774647887324
2,f1_score,0.8684210526315789
3,accuracy,0.8666666666666667
4,specificity,0.810126582278481
5,sensitivity,0.9295774647887324
