,Metric,Value
0,precision,0.7375
1,recall,0.8309859154929577
2,f1_score,0.7814569536423841
3,accuracy,0.78
4,specificity,0.7341772151898734
5,sensitivity,0.8309859154929577
